Uniprot_ID,Sol
P00547,0.32
P00934,0.18
P75616,0.78
P0A8I3,0.07
P0A870,0.85
P0AF03,0.89
P28697,0.46
P28696,0.59
P0A6Y8,1.16
P08622,0.52
P0ACG4,0.32
P0A9G2,0.13
P0A7U7,1.03
P0AG40,0.42
P00804,0.06
P0AEM0,1.1
P62623,0.75
P22564,0.57
P04036,0.94
P0A6F1,0.6
P0AE58,0.63
P39206,0.19
P31551,0.15
P31572,0.55
P60584,0.41
P60566,0.78
P31574,0.53
P68644,0.36
P68646,0.83
P0A754,0.34
P0ABQ4,0.81
P05637,0.27
P62672,0.67
P19624,0.95
P0ABZ6,0.86
P31680,0.12
P39220,0.33
P0AA37,0.44
P60240,0.38
P08203,0.81
P08202,0.08
P08204,0.3
P0A9E0,0.28
P30149,0.18
P31548,0.09
P31549,0.11
P31550,0.22
P33595,0.08
P30126,0.93
P0A6A6,0.7
P30125,0.58
P09151,0.1
P10151,0.08
P00893,0.03
P00894,0.15
P22186,0.79
P60390,0.66
P0AEN4,0.25
P0AD68,0.22
P22188,0.35
P11880,0.59
P14900,0.68
P17443,0.49
P17952,0.77
P07862,0.97
P06136,0.24
P0ABH0,0.85
P0A9A6,0.8
P0A725,0.17
P10408,0.58
P08337,1.08
P0A8H8,0.92
P36680,0.8
P0A6I9,0.64
P36645,0.17
P36647,0.1
P13016,0.6
P0AE14,0.03
P0ACL9,0.04
P0AFG8,0.16
P06959,0.95
P0A9P0,0.79
P36682,0.13
P36683,0.9
P0A8E5,0.83
P0A7F6,0.36
P09158,0.28
P0AA95,0.22
P36649,0.06
P15877,0.19
P37025,0.79
P61517,0.48
P36879,0.06
P0AFN6,0.05
P36881,0.18
P31666,0.12
P0A790,0.75
P31665,0.22
P31663,0.52
P31057,0.44
P31058,0.15
P37016,0.41
P37017,0.24
P37018,0.26
P33129,0.09
P37050,0.77
P26281,0.67
P0ABF1,0.23
P0ABS1,0.73
P0A823,0.2
P37024,0.04
P06971,0.07
P07821,0.46
P23893,0.33
P37019,0.38
P0ACC3,0.84
P0AF12,1.06
P15723,0.04
P0C0V0,0.31
P37047,0.09
P62768,0.93
P37049,0.06
P0A9D8,0.41
P0AE18,0.64
P0A7V0,0.77
P0A6P1,0.87
P0A7E9,0.31
P0A805,1.1
P60472,0.67
P0AEH1,0.16
P0A940,0.32
P0AEU7,0.49
P21645,0.48
P0A6Q6,0.28
P0A722,0.22
P10441,0.47
P10442,0.6
P10443,0.32
P0ABD5,0.29
P52095,0.06
P52096,0.82
P52097,0.33
P0AFW8,1.14
P0A8K5,1.09
P0AA97,0.77
P40711,1.09
P40710,1.13
P37056,0.51
P16659,0.17
P28634,0.86
P69411,0.82
P28635,0.86
P30750,0.23
P63228,0.93
P30863,0.79
P30864,0.08
P0A8U2,0.1
P0AEZ7,0.29
P0AC84,0.8
P0A7Y4,0.73
P03007,0.13
P77339,0.61
Q47679,0.44
P0AD59,0.27
P63224,0.92
Q47147,0.33
P0AA99,0.26
Q47149,1.07
Q47150,0.83
Q47151,0.35
Q47152,0.47
Q47154,0.74
Q47153,0.09
Q47155,0.26
Q47157,0.16
Q47158,0.77
P15288,0.88
P04335,0.13
P24251,0.87
P02932,0.03
P0A7B5,0.88
P07004,1.19
P77692,0.29
Q47684,0.14
Q47685,0.28
P75676,0.94
P75677,0.87
P77162,0.6
P77365,0.27
P77206,0.09
P75678,0.32
Q57083,0.1
P75680,0.13
Q47688,0.21
Q47690,0.98
P37009,0.42
P75681,0.31
Q79E92,0.12
P37008,0.06
P37007,0.02
P75682,0.51
P06960,0.09
P77657,0.94
P77607,0.14
P71296,0.21
P75684,0.19
P77183,0.16
P77489,0.28
P77324,0.15
P77165,0.89
P0AAA1,0.44
P0AAL9,0.33
P77263,0.18
P77694,0.02
P77188,0.26
P0AAA3,0.35
P0A7N1,0.72
P36943,0.05
P77601,0.14
P77212,0.47
P77379,0.14
P77252,0.1
P77433,0.81
P17444,0.09
P17445,0.34
P17446,0.19
P21514,0.26
P77700,0.02
P77736,0.33
P77297,0.06
P77221,0.31
P77624,0.83
P77554,0.12
P75691,0.74
P75693,0.45
P75694,0.86
P77743,0.15
P77541,0.34
P31660,0.93
P77243,0.1
P77495,0.14
P25524,0.11
P0ABE9,0.47
P00816,0.52
P00722,0.42
P03023,0.32
P77569,0.05
P77397,0.07
P0ABR9,0.08
P77044,0.17
P77608,0.75
P77580,0.58
P51020,0.1
P51024,0.81
P51025,0.06
P25437,0.71
P0AAP3,0.92
Q47534,0.06
P75697,0.37
Q47536,0.39
P71311,0.88
Q47538,0.1
Q47539,0.1
P37610,0.39
P0ACB2,0.07
P77199,0.55
P0AAP5,0.52
P0AD70,0.41
P77562,0.1
P0AAP7,0.4
P0AAQ0,0.72
P0A6J8,0.92
P0AAN9,0.84
P00634,0.78
P0AFM4,0.44
P0AAP1,0.23
P0A9L8,1.0
P0A8D3,0.8
P0A6E1,0.91
P0AE28,1.09
P0C037,1.07
P75704,1.13
P36767,0.8
P23917,0.09
P13458,0.12
P08400,0.13
P21517,0.15
P21515,0.14
P0A7F9,0.89
P0A847,0.17
P0ADZ7,0.41
P0AG90,0.36
P0AAQ2,1.08
P0A927,0.0
P46122,0.88
P0A8D0,1.07
P25539,0.36
P0A780,0.97
P0AGG0,0.8
P18200,0.23
P77735,0.05
P77488,0.22
P22939,0.85
Q46948,0.56
P0A8E7,0.97
P0A9J4,0.31
P0ABJ1,0.19
P0ABE2,0.81
P0A850,0.88
P0A6H1,0.7
P0A9M0,0.82
P0ADY1,0.53
P77756,1.05
P46890,0.07
P46891,0.32
P0ACJ5,0.17
P0AAG5,0.07
P0AC55,0.41
P0AGG2,0.24
P0AFP2,0.94
P0AAQ6,1.05
P77473,0.09
P0AAS0,0.61
P77791,0.2
P0ACE3,0.99
P0AAR0,0.76
P0AE06,0.65
P0ACS9,0.52
P23862,0.78
P0AAR5,0.16
P69503,0.89
P0A8B5,0.83
P0A7H6,0.84
P0A6Z3,1.09
P69441,1.05
P23871,0.16
P23872,0.34
P0AEW6,0.85
P39830,0.37
P07024,0.77
P0AAR3,1.0
P77301,0.43
P0A9T6,0.81
Q59385,0.21
P77454,0.56
P0A9G4,0.66
P0AAS3,0.12
P0AA53,0.14
P77279,0.43
P77307,0.27
P77395,0.75
P0A9T8,1.03
P0ADA1,0.41
P77504,0.76
P33668,0.49
P77759,0.23
P33669,0.46
P33667,0.07
P0ACR0,0.03
P77731,0.96
P0ACN4,0.2
P0AEP7,0.05
P30147,0.23
P77161,0.72
P77671,1.07
P77364,0.74
P77425,0.25
P77555,0.26
Q47208,0.57
P0AAS5,0.1
P37306,0.16
P09029,0.42
P0AG18,1.05
P43341,0.21
P23869,0.64
P21888,0.4
P45570,0.05
P24186,0.44
P0ABW5,0.83
P77249,0.28
P75715,0.17
P38052,0.65
P0AEL8,0.32
P24218,0.28
P75717,0.07
P23895,0.07
P77698,0.12
P77368,0.49
Q47269,0.65
P68661,0.98
P0AG74,0.76
Q47274,0.27
P21420,0.11
P0A9R2,0.15
P77330,0.33
P31062,0.4
P77699,0.87
P09169,0.04
P10805,0.25
P37325,0.27
P31600,0.04
P0AFA5,0.07
P77485,0.16
P0ACZ8,0.79
P77211,0.28
P77239,0.56
P0AAT4,0.11
P38489,0.87
P0AAT2,0.7
P77213,0.09
P77091,0.52
Q2EES0,0.78
P19925,0.36
P05825,0.11
P13039,0.1
P11454,0.21
P26266,0.34
P23878,0.18
P0AEL6,0.3
P64536,0.57
P0AEJ2,0.44
P10378,0.88
P0ADI4,0.66
P15047,0.63
P0A8Y8,0.8
P45579,0.16
P77806,0.09
P77174,0.71
P77216,0.19
P77746,0.12
P77202,0.51
P0AE08,0.9
P35340,0.76
P39177,0.86
P77316,0.2
P0AFW4,0.95
P21338,0.32
P77231,0.06
P75726,0.37
P0A9I1,0.21
P69330,0.79
P77390,0.85
P0AEF4,0.88
P37001,0.09
P37002,0.2
P0DP64,0.18
P0A843,1.27
P60716,0.09
P30979,0.19
P60720,0.52
P0A8J4,1.0
P0AEB2,0.08
P0AD65,0.08
P0A8I8,0.17
P0AAT6,0.95
P52086,0.35
P0A752,0.89
P28630,0.35
P0ADC1,0.81
P07813,0.93
P0AAT9,0.96
P77234,0.27
P77627,0.12
P77381,0.64
P77296,0.49
P77427,0.12
P77319,0.74
P41409,0.81
P0AAG3,0.43
P37902,0.94
P23930,0.03
P0AE78,0.97
P0A898,1.15
P0A9K3,0.62
Q2MB16,0.58
P75728,0.14
P0AF24,0.07
P0AF20,0.38
P0AF18,0.79
P0A759,0.28
P09323,0.02
P00962,0.3
P75733,0.01
P75734,0.78
P0A9A9,1.1
P61949,0.99
P0AAU7,1.03
P75736,0.33
P0AFY8,0.13
P36938,0.73
P24169,0.22
P21866,0.78
P21865,0.23
P03961,0.18
P03960,0.08
P03959,0.1
P36937,0.29
P0AAU2,0.13
P0AAU5,0.35
P77779,0.08
P28915,0.48
Q2EEQ8,0.58
P75741,0.16
P28916,0.23
P24252,0.23
P00914,0.02
P0AFP6,0.13
P0AAV4,0.19
P75745,0.07
P75746,0.11
P50465,0.93
P75748,0.53
P75749,0.19
P75750,0.11
P0ABH7,0.22
P69054,0.43
P0AC44,0.44
P0AC41,0.1
P07014,0.34
P0AFG3,0.07
P0AFG6,1.22
P0A836,0.68
P0AGE9,0.7
P54745,0.38
P54746,0.04
P0AAV0,0.27
P0A8Z3,0.7
P0ABU9,0.09
P0ABV6,0.24
P19934,0.51
P0A855,0.32
P0A912,0.81
P45955,0.2
P11458,0.35
P0AB91,1.0
P62707,1.03
P0A9C3,1.05
P0A6T3,0.8
P09148,0.61
P09147,0.1
P31060,0.34
P0A9G8,1.15
P0AAW9,0.29
P37329,0.99
P0AF01,0.2
P21829,0.06
P52697,0.85
P0AAV8,0.7
P75764,0.12
P46130,0.71
P12994,1.12
P12995,0.22
P12996,0.59
P12998,0.03
P12999,0.06
P13000,0.27
P0A8F8,0.22
P75767,0.3
P30745,0.05
P0AEZ9,1.05
P0A738,0.87
P30749,0.84
P75769,0.67
P0AA84,0.27
P0AAW1,0.14
P0AFQ2,0.08
P0A9U1,0.42
P75777,0.32
P0ACU0,0.97
P25888,0.63
P30176,0.83
P27296,0.05
P30177,0.08
P30178,0.11
P41039,1.05
P75779,0.12
P75780,0.11
P75782,0.36
P75783,0.22
P10346,0.97
P0AEQ3,0.62
P0ABT2,0.44
P0A917,0.14
P75785,0.07
P0AAX8,0.41
P0A9U3,0.43
P75791,0.28
P75792,0.77
P75793,0.39
P75794,0.49
P78055,0.15
P12282,0.78
P12281,0.65
P37595,0.52
P75797,0.4
P75798,0.03
P75799,0.1
P75800,0.04
P75801,0.1
P0AEI4,0.73
P0AAY1,0.52
P75804,0.22
P0ACA7,0.16
P08506,0.21
P0ACK5,0.29
P75806,0.09
P0AAY4,0.1
P75809,0.6
P46119,0.46
P17117,0.77
P0C0U4,0.12
P0AAY6,0.84
P31133,0.62
P31134,0.11
P0AAZ0,0.33
P75817,0.16
P30860,0.73
P0AE34,0.26
P30859,0.77
P0AAF6,0.27
P75818,0.7
P0A8C1,0.64
P75820,0.19
P75821,0.07
P75822,0.19
P75823,0.1
P07003,0.2
P75824,0.46
P75825,1.09
P75828,0.03
P75829,0.21
P75830,0.45
P75831,0.17
P0A8Q6,0.63
P0ABH9,0.61
P69222,0.94
P0A8P1,0.08
P23886,0.1
P0A9P4,1.05
P0ACJ0,0.37
P46889,0.15
P61316,0.71
P0AAZ4,0.92
P0A8L1,0.28
P18775,0.23
P18776,0.28
P21367,0.51
P75836,0.15
P43340,0.96
P0A9N4,0.95
P09373,0.31
P76616,0.89
P75839,0.27
P23721,0.17
P0A6D3,0.61
P43674,0.24
P0A6I0,0.86
P0AG67,0.87
P0A6Y1,0.23
P60752,0.12
P27300,0.31
P75843,0.06
P04951,1.15
P0AB03,0.23
P0AB01,0.25
P60293,0.76
P22524,0.86
P22525,0.64
P0AB06,0.11
P02931,0.18
P0A8M0,0.7
P18133,0.32
P04825,1.02
P0AAI1,0.24
P75851,0.07
P75853,0.76
P75855,0.86
P75856,0.29
P75857,0.07
P75858,0.32
P75859,0.41
P75860,0.47
P40876,0.19
P0A7E1,0.13
P75862,0.38
P75863,0.35
P75864,0.22
P0AB10,0.82
P0A6Q3,0.66
Q2EES3,0.14
P0A8N0,0.92
P0A910,0.11
P0AFZ5,0.61
P75869,0.33
P0A731,1.12
P0A8X4,0.6
P75874,1.38
P0AB65,1.03
P0AB18,0.81
P69739,0.38
P0ACD8,0.09
P19930,0.74
P19931,1.0
P19932,0.95
P07102,0.66
P38134,0.41
P0ACZ2,0.14
P0A932,0.6
P75883,0.42
P75884,0.37
P75885,1.14
Q46795,0.1
P0A982,1.03
P0AAA5,1.0
P52636,0.13
P39453,0.13
P38683,0.13
P38684,0.78
P33226,0.43
P33225,0.09
P36662,1.33
P63264,0.36
P36659,0.61
P36661,0.48
P19926,0.62
P0A8G6,0.77
P56614,0.91
P75893,0.16
P75894,0.1
P75895,0.17
P0AFQ5,0.38
P75897,0.47
P75898,0.26
P0ACU2,0.8
P0AB24,0.43
P31545,0.34
P0A9K1,0.21
P69432,0.1
P75905,0.18
Q46793,0.72
P75906,0.15
P69434,0.07
Q7DFV4,0.21
P75913,0.31
P75914,1.0
P75915,0.9
P0AEA2,0.44
P0AE98,0.3
P0AE95,0.15
P52106,0.2
P28307,0.67
P52107,0.69
P75917,0.37
P0A8D6,0.82
P75919,0.22
P33136,0.24
Q6BF16,0.32
P62517,0.04
P25738,0.91
P0ACV0,0.12
P0A8X2,0.69
P75925,0.11
P0AEI1,0.71
Q46898,0.15
P33643,0.34
P76141,0.19
P75617,0.64
P0AD12,0.39
P76535,0.63
P76576,0.5
P76577,0.09
P39452,0.08
P76562,0.06
P77265,0.09
P78061,0.6
P0A8G3,0.08
P76046,0.05
P23874,0.04
P76503,0.09
P76035,0.1
P76586,0.21
P76168,0.18
P28306,0.17
P76086,0.13
P56262,0.91
Q46942,0.15
P76034,0.37
P33342,0.44
P56580,0.18
P77180,0.25
P52073,0.1
P77460,0.24
P0A6A0,0.18
P76222,0.41
P66948,0.11
P62066,0.21
P76296,0.31
P78285,0.77
P75737,0.52
P11291,0.27
P75719,0.29
Q46864,0.46
P76406,0.55
P64439,0.53
P76569,1.0
P77354,0.73
P16869,0.01
P30958,0.67
P76017,0.17
P09152,0.3
P0A9Q7,0.46
P25516,0.41
P15032,0.51
P76072,0.68
P52647,0.17
P52645,0.13
P46883,0.97
P77455,0.08
P25907,0.28
P76115,0.03
P24211,0.01
P76129,0.11
P31828,0.38
P31827,0.03
P77561,0.08
P77374,0.21
P77783,0.1
P76192,0.29
P77748,0.03
P23538,0.49
P07395,0.8
P21179,0.43
P76272,0.31
P24555,0.02
P46923,0.33
P76298,0.14
P39180,0.33
P76387,0.2
P33235,0.44
P13482,0.7
P76016,0.09
P0AFA2,0.44
P23843,0.74
P00904,0.23
P30850,0.49
Q47622,0.31
P76041,0.06
P76092,0.13
P05704,0.34
P40120,0.61
P76104,0.13
P26616,0.09
P76128,0.62
P77318,0.57
P77432,0.06
P24171,0.43
P0AC33,0.37
P05804,0.46
P19642,0.06
P77148,0.52
P0A8M3,0.23
P08395,0.14
P0ACY3,0.52
P69451,0.37
P76257,0.12
P76261,0.13
P0ADF6,0.45
P21889,0.82
P11875,0.24
P07018,0.05
P07017,0.74
P07363,0.89
P0A8G0,0.17
P25798,0.55
P76330,0.12
P76389,0.17
P28249,0.7
P40874,0.73
P05020,0.04
P75937,1.06
P0A6S3,0.64
P29744,0.35
P0AA39,0.63
P27247,0.15
P0A6R0,0.92
P0AAI5,0.08
P28631,0.38
P69786,0.03
P75949,0.12
P00393,0.36
P75954,0.63
P0ADC3,0.3
P75958,0.2
P69874,0.94
P29745,0.78
P27431,0.81
P23837,0.2
P0AB89,0.74
P25745,0.68
P08200,0.96
P75969,0.24
P75978,0.18
P75990,0.2
P04152,0.03
P29013,0.03
P0A6J5,0.12
P29012,0.03
P37349,0.74
P76015,0.75
P0ABU2,0.63
P0A6X1,0.23
P39165,0.07
P11349,0.13
P0AEV1,0.79
P76027,0.18
P77737,0.18
P0A6H8,0.04
P0A879,0.42
P00909,0.19
P00895,0.66
P0AG14,0.09
P0A9F3,0.08
P0AB58,0.09
P0AAH4,0.22
P0AGH3,0.09
P23883,0.15
P37906,0.12
P50457,0.42
P37344,0.37
P76042,0.67
P76043,0.09
P77503,0.13
P77481,0.11
P77615,0.85
P0A8R7,0.11
P07604,0.47
P51981,0.2
P77348,0.32
P0AEB5,0.15
P0AAC0,0.73
P76052,0.49
P77357,0.31
P77302,0.26
P64423,0.82
P21693,0.13
P76056,0.35
P77658,0.7
P77747,0.1
P52643,0.72
P80668,0.11
P76081,0.21
P76083,0.07
P0C7L2,0.18
P25553,0.53
P77171,0.12
P76097,0.16
P76100,0.19
P76102,0.57
P77730,0.25
P76108,0.16
P77795,0.26
P77674,0.2
P76116,0.65
P28917,0.24
P19318,0.14
P39451,0.87
P77268,0.23
P0AA89,0.21
P64426,0.62
P69910,0.15
P76134,0.07
P76137,0.03
P77286,0.04
P77257,0.17
P76142,0.76
P0A6L7,0.8
P76149,0.56
P76150,0.25
P77260,0.13
P77515,0.12
P38105,0.95
P38104,0.04
P76175,0.39
P50456,0.18
P07001,1.11
P18392,0.54
P05042,0.65
P00946,0.66
P77804,0.26
Q47706,0.04
P18811,0.11
P23256,0.18
P22333,0.15
P0AGJ9,0.63
P77570,0.56
P77258,0.82
P0A9H7,0.27
P77552,1.06
P0AD61,1.09
P76193,0.23
P77444,0.11
P77689,0.37
P77522,0.43
P37766,0.34
P02930,0.16
P77337,0.44
P00887,0.12
P77649,0.01
P08312,0.12
P77529,0.09
P17411,0.24
P17334,0.05
P76216,0.11
P76217,0.54
P0AE37,0.12
P77581,0.29
P76223,0.7
P78067,0.41
P00370,0.22
P76228,0.05
P16456,0.62
P0A962,0.86
P77256,0.1
P77493,0.63
P77280,0.77
P77539,0.38
P0A9B2,0.73
P76237,0.16
P76245,0.4
P76251,0.11
P0ABR7,1.08
P76254,0.71
P09155,0.19
P05041,0.82
P16095,0.71
P0AEC0,0.11
P69797,0.94
P76273,0.49
P33221,0.47
P0AC53,0.67
P21599,0.44
P24205,0.17
P0AFS9,0.34
P39172,0.85
P0A812,0.31
P76291,0.04
P52005,0.45
P07330,0.09
P31677,0.3
P0AAF3,0.38
P02924,0.87
P76316,0.1
P04949,0.8
P24216,0.94
P26612,0.69
P0ABZ1,0.81
P52612,0.13
P52614,0.97
P06974,0.58
P0AED9,0.43
P76339,0.13
P76342,0.07
P76350,0.04
P0AE12,0.37
P36562,0.52
P76361,0.1
P33011,0.33
P33013,0.13
P04995,0.11
P06988,0.91
P06987,0.67
P76372,0.08
P76373,0.08
P00350,0.9
P37751,0.32
P37749,0.15
P37747,0.06
P37759,0.23
P71243,0.22
P71242,0.04
P24174,0.48
P32057,0.1
P0AC88,0.04
P71237,0.09
P0A930,0.44
P36928,0.08
P76397,0.38
P30847,0.31
P76403,0.75
P0A9S3,0.54
P0C8J8,0.07
P0AB26,0.45
P0AC59,0.66
P29217,0.84
P75931,0.05
P75933,0.12
P75936,1.06
P75938,1.02
P0ABX5,0.79
P0A6S0,0.25
P75942,0.42
P0A729,0.84
P0AB28,1.12
P0AAI9,0.8
P0AEK2,0.93
P28305,0.11
P0A720,0.88
P0AB38,0.97
P75948,0.09
P0A8E1,0.24
P75952,0.73
P75957,0.26
P75959,0.2
P23836,0.87
P25746,0.19
P75966,0.78
P75975,1.02
P75974,1.0
P75976,0.21
P75981,0.54
P75982,0.12
P45581,0.26
P09153,1.13
P33227,0.51
P03014,0.17
P24200,0.4
P75989,0.36
P0AEZ3,0.95
P18196,0.7
P76004,0.24
P77335,0.63
P0A6M2,0.16
P0A8V6,0.86
P0C960,0.16
P76008,0.05
P76010,0.39
P76014,0.82
P0A7D1,0.78
P0A717,0.09
P62615,1.0
P61320,0.85
P0ACC1,0.81
P0AGM5,1.06
P0A715,0.3
P39163,0.28
P0AF28,1.02
P0AF26,1.01
P37051,0.32
P0AFR0,0.05
P0AEP3,0.86
P23331,0.56
P30192,0.25
P25743,0.13
P0A915,0.43
P21363,0.95
P21362,1.01
P0A877,0.86
P77766,0.59
P0AFR4,0.52
P0A9H5,1.04
P31808,0.6
P0A7I7,1.03
P08244,0.51
P0AEK4,0.49
P0AAH8,0.08
P0AGH5,0.11
P76038,0.49
P0A9U6,0.68
P0AFM6,1.14
P76044,0.44
P76045,0.55
P0ACV6,0.59
P76049,0.16
P0A9E5,1.05
P0AFH0,0.11
P77744,0.03
P76053,0.66
P76055,0.93
P33228,0.61
P38392,0.14
P76065,0.2
P77163,1.13
P0ADI0,0.7
Q47129,0.37
P76080,1.17
P76082,0.71
P77467,0.99
P76084,0.77
P77181,0.45
P25906,0.61
P76090,0.12
P41407,1.09
P34209,0.24
P0ABE5,0.32
P13857,1.18
P25397,0.5
P77626,0.75
P76112,0.44
P76114,0.46
P76117,0.16
P31991,0.09
P76119,0.54
P76121,0.57
P77567,0.82
P37757,0.82
P19317,0.91
P76123,0.06
P0AAJ3,0.81
P0AEK7,0.35
P77622,0.18
P77463,0.15
P77790,0.46
P76135,0.61
P77588,0.62
P77294,0.67
P77789,0.79
P76143,0.34
P76145,0.78
P76147,0.32
P0A6W0,0.48
P77309,0.04
P31125,0.04
P31126,0.94
P31129,0.37
P31131,0.98
P39831,0.15
P77170,0.22
P76155,0.88
P31061,0.72
P76158,0.19
P76159,0.82
P76161,0.4
P0A951,0.62
P0AAJ1,0.39
P0A6E9,0.89
P77559,0.35
P76176,0.29
P76177,0.13
P0AFS3,0.2
P52108,0.85
P16525,0.05
P0ACT6,0.94
P0AET8,0.68
P77223,0.23
P77285,0.43
P77179,0.04
P0AB83,0.57
P0A9D2,0.77
P77150,0.35
P0AFI7,0.51
P76185,0.27
P76187,0.11
P67430,0.16
P30014,0.65
P0AGD3,0.78
P0ACR2,0.07
P0AFU8,0.91
P77147,0.25
P77409,0.11
P77564,0.92
P0AAL6,0.32
P77499,0.69
P0A6D5,0.84
P05194,0.97
P77378,0.09
P0A8A4,0.21
P76204,0.17
P06611,0.09
P06610,0.99
P76206,0.16
P06999,0.84
P76208,0.41
P77247,0.45
P64481,0.16
P76210,0.14
P37794,0.11
P17410,0.37
P76213,0.14
P76214,0.16
P77754,1.04
P09030,0.24
P76220,0.96
P76909,0.2
P0ACY1,0.99
P77721,0.04
P77704,0.21
P39173,0.97
P76234,0.13
P0A908,0.11
P64483,0.81
P76241,0.17
P76250,0.07
P0AA91,0.26
P76256,1.01
P43337,0.16
P69805,0.3
P36999,0.37
P76268,0.66
P23894,0.08
P76270,0.57
P55798,0.07
P76280,0.11
P0AEK0,0.12
P33218,0.89
P0A955,0.78
P46118,0.27
P0A9X1,0.16
P0A809,0.94
P0A814,0.18
P0ADI7,0.77
P37348,0.12
P76290,0.33
P67826,0.2
P0A9H9,1.08
P07364,0.11
P0A964,0.81
P0AF06,0.33
P09348,0.19
P0ABY7,0.03
P31678,0.45
P0A9A2,0.83
P0A998,0.75
P0AD05,0.87
P0ABF8,0.07
P0AED5,0.75
P37774,0.37
P0AFT2,0.05
P0AEM9,0.96
P52627,0.23
P76318,0.2
P31068,1.09
P0DMC9,0.32
P76329,0.7
P46125,0.04
P46144,1.17
P76335,0.18
P31658,0.79
P76340,1.05
P76345,0.16
P76346,0.87
P76349,0.14
Q47083,0.21
P39176,0.11
P36561,0.03
P0AE76,0.62
P76359,0.06
P60757,0.64
P60595,0.11
P10371,0.44
P06989,0.98
P37744,0.64
P0AAB6,0.58
P32056,0.76
P0ACD2,0.19
P71239,0.11
P77414,0.3
P28248,0.91
P0A8F4,0.66
P04395,0.2
P76395,0.66
P76396,0.53
P69228,0.74
P76407,0.76
P0AB33,0.89
P43533,0.81
P0AEM4,0.89
P0ABW9,0.94
P0ABX2,0.43
P0ACE7,0.84
P75946,0.7
P0AB40,0.71
P0AEI6,0.98
P75970,1.35
P75979,0.16
P75980,0.1
P75991,0.88
P75992,0.96
P75994,0.37
P58034,0.25
P0AB46,0.86
Q7DFV3,0.99
P76000,0.13
P0A734,1.02
P76001,0.78
P76002,0.73
P0AB43,1.08
P0A8L5,0.86
P0AG11,0.66
P76011,0.16
P76012,0.88
P0AB49,0.73
Q46755,0.25
P0AE63,1.12
P0AB52,0.92
P37052,0.65
P0ACF8,1.03
P0A8Z0,0.8
P21361,0.92
P0AB61,0.82
P0ACV4,0.36
P08245,1.1
P45736,0.3
P0ACV8,1.02
P0AFM9,0.63
P0AFN2,0.29
P0AFV8,0.35
P64445,0.3
P33230,1.34
P33229,1.04
P15033,1.05
P38394,1.18
P38393,0.25
P76062,0.92
P76064,0.88
P76066,0.88
P77551,1.03
P76068,0.9
P76069,0.77
P37903,0.94
P0ACW2,0.24
P52644,1.07
P76076,0.51
P76078,0.86
Q83ML5,0.97
P0ACW6,0.72
P64459,0.38
P67697,0.87
P64455,1.03
P76111,0.14
P76118,0.36
P77519,0.48
P0C0L2,1.01
Q2EEQ2,1.36
P64461,0.77
P76148,0.44
P0AEY1,0.05
P27245,0.81
P0ACH5,0.12
P31121,0.61
P31130,1.01
P64463,1.03
P76154,0.78
P76160,0.48
P77237,0.17
P36995,1.14
P0A976,0.21
P0C079,0.94
P77609,0.93
P76165,0.86
P06965,0.75
P06966,0.58
P21418,0.52
P76170,0.49
P76172,0.79
P69212,0.37
P0ACX0,0.24
P28224,0.53
P0A8W2,0.9
P0AC81,1.0
P0AC69,0.91
P0ACX5,1.12
P69776,0.58
P76194,1.04
P77667,0.86
P77781,0.78
P76196,0.43
P77714,0.84
P0ACX9,1.3
P23898,0.34
P0A7L3,1.0
P0A7Q1,1.22
P0A707,1.14
P0AE60,1.08
P69791,1.12
P69795,0.98
P0ADB1,0.99
P77788,0.9
P76227,0.27
P0A746,0.97
P77494,0.42
P76243,1.36
P64493,0.91
P64488,0.97
P0AEB7,0.77
P64490,1.06
P0A9Y6,0.94
P64499,0.46
P45577,0.7
P64503,0.93
P76275,0.75
P64506,0.36
P0ABS8,0.96
P33219,1.08
P0ACY9,1.08
P0AFC0,0.53
P64515,0.5
P52007,1.08
P76297,0.68
P0AE67,0.95
P0A8S9,0.88
P46888,0.84
P0AD10,1.06
P76308,0.15
P46887,0.76
P0AD07,1.05
P26608,0.69
P0ABY2,0.93
P31063,1.31
P0AA31,0.91
P76319,0.18
P76322,0.17
P0A8T5,0.62
P52613,0.9
P0ABX8,0.35
P15070,1.08
P22586,0.15
P0AC07,0.31
P76341,0.78
P76334,0.43
P0A8A2,0.66
P76362,0.66
P64521,0.23
P76364,0.83
P64524,0.92
P0A8M6,0.09
P33012,1.33
P69346,0.84
P36667,0.55
P0AAB2,0.25
P76394,0.79
P36930,0.91
Q46867,0.27
P76616,0.08
P69210,0.15
Q46865,0.74
Q47156,0.57
P56259,0.1
P75692,0.14
O32528,0.23
P75675,0.17
P0A7T3,1.09
P0AC65,1.03
P64471,0.44
P56258,0.48
P58041,1.47
P64512,0.54
P58042,0.88
P33341,0.06
P33346,0.17
P33349,0.1
P33363,0.31
P33924,0.3
P39838,0.24
P0AES4,0.49
P45508,0.52
P00452,0.63
P33602,0.18
P77439,0.39
P76558,0.81
P76585,0.06
P76594,0.08
P63284,0.75
P52126,0.46
P00957,0.58
P30131,0.74
P23909,0.42
P0AG20,0.76
P0AEC5,0.56
P05458,0.66
P07648,0.06
P37177,0.09
P31119,0.07
Q46799,0.12
Q46814,0.37
P33195,0.22
P21169,0.03
P37330,0.49
P0AFI2,0.18
P30870,0.57
P06864,0.22
P42592,0.22
P42632,0.17
P00959,0.5
P33353,0.12
P0AD14,0.02
P06149,0.79
P17315,0.47
P20966,0.07
P33913,0.2
P33919,0.26
P33940,0.18
P33941,0.18
Q06067,0.27
P76463,0.09
P17994,0.9
P0A9C0,0.06
P77398,0.03
P17109,0.04
P76481,0.49
P0A9M8,0.54
P0AG16,0.16
P77182,0.52
P77196,0.48
P77399,0.16
P0AFI0,0.22
P15042,0.59
P08839,0.9
P33570,0.11
P37127,0.21
P27896,0.07
P71229,0.07
P0A7B1,0.08
P0AFL6,0.47
P0ADG7,0.49
P0A6P5,0.66
P0A6Z1,1.02
P77509,0.05
P10902,0.2
P05824,0.13
P52127,0.17
P0A6W9,0.26
P56579,0.17
P16431,0.07
P19323,0.1
Q46901,0.1
P17846,0.38
P38038,0.24
P0A7E5,0.77
P69922,0.36
P04993,0.15
Q46802,0.1
Q46808,0.18
Q46820,0.25
P27253,0.17
P27302,0.32
P21170,0.48
P0AEP9,0.52
P43676,0.06
P0AES0,0.5
P0ACE0,0.29
Q46863,0.27
P20083,0.77
P0A9U8,0.34
P77306,1.01
P0ABS5,0.4
P00579,0.93
P50466,0.31
P42593,0.17
P39829,0.48
P0A991,0.05
P76418,0.3
P33340,0.49
P0AF08,0.85
P33348,0.12
P33352,0.08
P33360,0.09
P33369,0.03
P33371,0.1
P76440,0.23
P25889,0.65
P0AAG8,0.15
P0AEE5,0.75
P25748,0.1
P33020,0.09
P33025,0.98
P30235,0.22
P0AEW9,0.79
P69811,0.91
P33029,0.31
P76446,0.77
P33920,0.76
P0AD27,0.02
P0ABM9,0.41
P06134,0.32
P06996,0.07
Q06065,0.39
P76461,0.09
P69924,0.46
P09394,0.39
P13033,0.25
P0A996,0.14
P77215,0.06
P77808,0.52
P77690,0.13
P77757,0.14
P37353,0.31
P29208,0.41
P38051,0.5
P0A8V0,0.29
P31979,0.12
P33599,0.18
P36771,0.12
P0A959,0.21
P0A6A3,1.13
P08192,0.85
P08390,1.02
P05459,0.15
P15286,0.62
P0A953,0.13
P12008,0.58
P39199,0.33
P10384,0.01
P37327,0.38
P37326,0.59
P46068,0.08
P08555,0.12
P00926,0.67
P52599,0.39
P76518,0.37
P69902,0.82
P0ACV2,0.09
P77434,0.77
P77585,0.93
P0A6V8,0.8
P04805,0.87
P0ACR7,0.12
P77173,0.96
P0ABK5,0.77
P16676,0.14
P16700,0.62
P36547,0.05
P0AEJ6,0.13
P76551,0.33
P76553,0.09
P77445,0.76
P77218,0.82
P0A867,0.18
P76559,0.62
P0AED7,0.2
P0A903,0.87
P0AFI9,0.26
P08178,0.93
P60906,0.59
P36979,0.6
P0A6B7,0.37
P54901,0.12
P0ABR5,0.14
P77650,0.41
P77360,0.07
P77315,0.38
P77269,0.64
P24232,0.87
P0AFU4,0.43
P52101,0.19
P0AGC5,0.1
P00803,0.28
P60785,0.46
P0AFX9,0.15
P21507,0.69
P0AGJ5,0.81
P23830,0.36
P0A9J8,0.44
P07023,0.72
P00888,0.63
P0AGD7,1.07
P37908,0.12
P32053,0.08
P52123,0.19
P52124,0.22
P52129,0.08
P76621,0.47
P37339,0.15
P25526,0.6
P22256,0.77
P37146,0.32
P14175,0.73
P14176,0.05
P0AFM2,0.52
P27303,0.26
P0A7G6,0.88
P41052,0.27
P17115,0.52
P37013,0.3
Q46877,0.39
P37596,0.42
P24242,0.24
P24241,0.07
P24240,0.28
P24192,0.29
P24193,0.24
Q46889,0.21
P13445,0.31
P0ADA3,0.85
Q57261,0.52
P23845,0.49
P10423,0.26
Q46899,0.17
Q46904,0.2
P55138,0.39
P0A6P9,1.01
P0AES2,0.15
Q46915,0.19
P0ADR8,0.04
P30744,0.9
P0A9S1,0.77
P11553,0.09
P0ADR6,0.39
Q46925,0.1
P0A935,0.36
P63883,0.33
P0A6C5,0.58
P0A9T4,0.11
P03024,0.37
P00861,0.67
P03030,0.07
Q46939,0.47
P76639,0.2
Q46803,0.68
P66899,0.75
P65807,0.82
Q46806,0.24
Q46807,0.97
Q46812,0.06
P76641,0.46
P0ADE8,0.82
Q46829,0.7
P27248,1.01
P25535,0.49
P25534,0.15
P15034,0.75
P0A9T0,0.61
P27254,0.23
P52043,0.07
P0AB71,0.7
P0A799,1.0
P0A9B6,0.32
P60651,0.68
P0A817,0.48
P04425,0.77
P52052,0.19
P52062,0.09
P46142,0.32
P00805,0.49
P17802,0.32
Q46834,0.36
P52074,0.24
Q46840,0.08
P0AAJ8,0.39
Q46851,0.13
P06721,0.28
Q46856,0.92
Q46855,0.22
Q46861,0.11
P26648,0.08
P40719,0.22
P0ADT5,0.7
P0AF96,0.56
P76658,0.77
P30871,0.79
P06961,0.84
P45463,0.13
P05852,0.15
P42588,0.53
P06846,0.99
P42591,0.31
P42596,0.57
P42599,0.54
P0AGE4,0.15
P42604,1.14
P42620,0.24
P11868,0.54
P0AGF6,0.72
P0ACQ7,0.49
P23524,0.99
P0C8K0,0.62
P0C8J6,0.11
P39337,1.11
P0ACM5,0.25
P76421,0.31
P76422,0.14
P76423,0.55
P64534,0.8
P0AFT5,0.94
P33358,1.15
P33359,0.15
P33362,0.72
P0AFI5,0.83
P0AD17,0.16
P33366,0.66
P33368,0.62
P0ABF6,0.42
P0AFY2,0.11
P0A6T5,0.5
P0ACR4,0.15
P0A6C1,0.14
P33022,0.62
P0A9E9,0.24
P0A6N8,0.92
P76445,0.36
P31802,0.78
P0AA86,0.69
P0ABL8,0.04
P33931,0.47
P0ABL5,0.14
P33934,0.06
P0AAL3,0.2
P0AAL0,0.12
P23827,0.85
P05050,0.18
P0AB85,0.66
P0DMC7,0.9
P76458,0.54
P76459,0.26
P76462,1.08
Q83KC8,0.82
P76466,0.26
P17993,0.79
P27294,0.24
P37014,0.48
P76469,0.07
P77732,0.38
P76471,0.78
P45565,0.5
P76472,0.11
P0ABU0,0.72
Q47013,0.36
P76484,0.41
P76486,0.42
P0AFE0,0.83
P0AFD6,0.72
P0AFD1,0.31
P0AFC7,0.78
P76491,0.68
P77625,0.68
P0A8W8,0.39
P65556,0.19
P77775,0.17
P77768,0.42
P07109,0.67
P52094,0.08
P0AG03,0.22
P0A9Q5,0.62
P07649,0.38
P76938,0.77
P0C0T5,0.17
P0A8B2,0.48
P76498,0.42
P76500,0.96
P76501,0.5
P77599,0.78
P77196,0.79
P77288,0.98
P76502,0.79
P76505,0.81
P76506,0.2
P76508,0.12
P76510,0.77
P76513,1.03
P76514,0.08
P0ACZ4,1.08
P39354,0.08
P76520,0.5
P0AE39,0.77
P77396,0.18
P76524,0.33
P23841,0.35
P45563,0.06
P45564,0.06
P0A6J3,0.2
P69783,1.14
P40191,0.11
P78271,0.3
P16703,0.52
P0AEB0,0.52
P16701,1.18
P37440,0.79
P77245,0.25
P39375,0.7
P76536,0.2
P76537,0.59
P36548,0.37
P36553,1.02
P76540,0.8
P76541,0.2
P19636,0.17
P77277,0.81
P65643,1.06
P76555,0.89
P37128,0.73
P76561,1.03
P0A7D7,0.5
P0A9I3,1.27
P23481,0.75
P77423,0.17
P77733,0.74
P0A8F0,1.08
P08179,0.98
P65290,0.73
P76573,0.12
P0AFZ1,1.31
P0AGK8,1.03
P0AE01,0.79
P0ADG4,0.87
P77538,0.21
Q47141,0.11
Q47140,0.06
P0CI31,0.1
P76584,0.39
P0AD44,0.55
P68398,0.16
P0AD42,0.08
P37767,0.35
P06616,0.92
P0A7Y0,1.17
P0AFX7,0.59
P0AGB6,1.01
P31825,0.49
P33634,0.12
P12295,0.14
Q47319,0.37
P33644,0.11
P0AC02,0.22
P64548,0.22
P55914,0.2
P07021,0.75
P0A873,0.3
P0A7X6,1.07
P0A7B3,0.32
P0A832,1.01
P52131,0.35
P52132,0.12
P52133,0.3
P52140,0.37
P76616,0.12
P37338,0.07
P55734,0.28
P0A772,1.01
P76628,0.12
P0ACR9,1.03
P45578,1.1
P77475,0.13
P33596,0.93
P0A6G3,1.03
P05707,0.33
P15082,0.5
P0AAK4,1.02
P16433,0.46
P16432,0.42
P0AAN3,0.94
P55799,0.22
P52598,0.11
Q46888,0.63
Q46890,0.57
Q46891,0.15
P0A7A5,0.15
P0A840,0.41
Q46893,0.67
P0A6J1,0.84
P21156,0.11
Q46897,0.16
P75968,0.08
P76632,0.5
P17854,0.12
Q46906,0.62
Q46907,0.52
Q46908,0.25
Q46911,0.11
P64554,0.63
P0AEY3,0.89
P0AA41,0.09
P0A8U0,0.59
Q46920,0.47
P38506,0.3
P0AB87,0.54
P0ACK8,0.36
P0A9F6,0.1
Q46927,0.69
P08371,0.23
P0A884,0.06
P60955,0.11
P0A776,0.63
P06722,1.0
P67127,0.17
P03813,0.12
P37769,0.71
Q46938,0.63
Q46941,0.13
Q46787,0.55
Q46797,0.68
Q46798,0.58
Q46800,0.17
Q46809,0.23
P64557,0.31
Q46819,0.97
Q46822,0.32
P07012,0.93
P0AEG6,0.82
P0A8P8,0.73
P0ABY4,0.91
P52037,0.14
P0A8C4,0.98
P0AC28,0.09
P0A7Z0,0.94
P0A8S1,0.17
P52045,0.56
P52044,0.19
P0ADS6,1.11
P11667,0.19
P0C0S1,0.42
P11664,0.24
P11663,0.8
P76156,0.77
P25894,0.6
P39902,0.91
P25736,1.0
P0AGL7,0.19
P0A8W5,0.85
P67080,0.74
P64564,0.05
P52061,0.95
P0ADS9,0.8
P0A8I5,0.4
P0C066,0.18
P0A7F3,1.17
Q46832,0.28
P0ACL5,0.2
P64572,0.32
Q46843,0.36
Q46844,0.5
Q46845,0.49
P0AAN1,0.8
P37182,1.13
P67244,0.15
P0AG84,0.8
P0ABU7,0.15
P0AA60,0.08
Q46858,0.84
P26647,0.29
Q46866,0.29
P52076,0.97
P0AEY5,1.15
P0A8Z7,0.17
P0AEW4,0.6
Q93K97,0.58
P0A8H3,0.28
P0A7J0,1.16
P39834,0.92
P77616,0.22
P76657,0.12
P0ADT8,0.13
P60782,0.17
P05847,0.79
P0AC35,0.4
P0A9H1,0.23
Q46871,0.19
P64588,0.61
P42597,0.4
P0ACL2,0.23
P0AA63,0.04
P67660,0.19
P42624,0.78
P42626,0.84
P42630,0.16
P11865,0.09
P0ABQ2,0.91
P0ACK2,0.81
P39332,0.87
P64530,1.01
P28905,0.7
P33344,0.49
P33345,0.33
P33347,0.92
P33354,0.81
P33355,0.66
P60632,0.16
Q9Z3A0,0.43
P0AFT8,0.83
P33030,0.61
P0AFV4,0.37
P0AD21,0.91
P0AA43,0.85
P68919,0.86
P0AD24,0.84
P69490,0.66
P0ABM5,0.67
P0A9I5,1.08
P0ABW3,0.32
P45505,0.57
P52006,0.72
Q47377,0.77
P76474,0.1
P37590,0.91
P0AEH5,1.0
P0AEH3,1.06
P76485,0.85
P0AFC3,0.49
P0A8D9,0.39
P0AC19,0.9
P0AD33,0.88
P77326,1.01
P77656,0.91
P76509,0.67
P0AD35,0.37
P76512,0.82
P76515,0.96
P39355,0.15
P76521,0.59
P69808,0.95
P64542,0.14
P0AD37,0.1
P27238,0.15
Q47719,0.43
P0AA04,0.88
Q47702,0.77
P76538,0.41
P76539,0.8
P0AEJ8,0.57
P0ABF4,0.89
P76556,0.9
P63746,0.93
P24178,0.87
Q2EET2,0.71
P77453,0.79
P0AEH8,0.02
P0A763,0.65
P0A9R4,0.82
P0AAC8,1.11
P0ACD4,0.97
P0ABW0,1.13
P39394,0.35
P0A9Z1,0.95
P52102,1.24
P24224,0.84
P46187,0.27
P0AGG4,0.92
P46126,0.13
P0ADD2,0.11
P0AD49,0.98
P11289,0.59
P0A7K6,1.01
P28632,0.32
P0A944,0.81
P0A937,0.44
P52119,1.02
P0AGL5,0.34
P33997,0.86
P0A881,0.77
P52130,0.89
P52135,0.22
P52139,0.69
P52141,0.65
Q46953,0.68
P0ADE6,0.9
P0ACG1,0.16
P64550,0.12
P0AD53,1.0
P0ADQ7,0.5
P0ADR0,0.05
P05706,1.16
P15081,0.51
P0AEV9,1.01
P0AEV7,1.02
P0AEV4,0.97
P0A700,0.78
P25728,0.31
P62617,0.84
P0A6S5,0.26
P65870,0.91
P75977,1.13
P75967,0.13
P65367,0.94
Q46919,0.87
P0AEN8,1.05
P65292,1.2
P0AGF2,0.81
P08372,0.24
P08370,0.07
P33554,0.11
P76613,0.76
P77136,0.11
Q46786,0.25
Q46790,0.29
Q46791,0.28
Q46793,0.95
Q46796,1.05
Q46801,1.14
Q46824,0.33
P64559,1.01
P67603,0.87
P0ADS2,0.98
P52048,0.31
P69824,0.97
P0A8I1,1.06
P52060,0.97
P38521,1.29
P0A8P3,1.08
Q46835,0.41
P0AEQ1,0.99
P0A703,0.51
Q7DFU6,1.02
P75971,0.54
P0ABV2,0.48
Q46857,0.28
P75973,0.47
P65298,0.18
P0ADU5,0.29
P0ADU2,1.21
P0ADU7,0.3
Q46868,1.11
P75987,0.55
P76656,0.85
P26649,0.9
P0AC16,1.11
P68679,1.0
P42589,1.06
P0AC73,0.24
P67701,0.85
P64578,0.15
P42615,0.15
P42616,0.8
Q47710,0.31
P64590,0.09
P64592,0.28
P42625,1.06
P75988,0.55
P76073,0.87
P11866,0.75
P15373,1.04
P42915,0.07
P45464,1.05
P05055,0.74
P0A705,0.65
P0A6M8,0.62
P45537,0.06
P08201,0.1
P02918,0.05
P45800,0.27
P46837,0.91
P33650,0.09
P15977,0.32
P06993,0.09
P0AC86,0.11
P07762,0.18
P37617,0.27
P37624,0.18
P27298,0.94
P37645,0.11
P37652,0.82
P00961,0.77
P0AG24,0.08
P31434,0.32
P03018,0.2
P25665,0.33
P21177,0.15
P00582,0.76
P13029,0.84
P32670,0.69
P32674,0.12
P0DM85,0.28
P28629,0.31
P0A9H3,0.05
P39285,0.16
P21499,0.45
P39321,0.32
P28903,0.6
P0ABB8,0.51
P07118,0.6
P13036,0.01
P39401,0.07
P0A9P6,0.5
P0AAI3,0.41
P13518,0.04
P45758,0.35
P63389,0.39
P22259,0.59
P38035,0.07
P15067,0.2
P18956,0.37
P37627,0.07
P62601,0.49
P37659,0.1
P23847,0.86
P25718,0.25
P14081,0.58
P00550,0.27
P25772,0.12
P31433,0.07
P31441,0.35
P08142,0.29
Q6BF17,0.04
P25714,0.27
P26218,0.09
P17169,0.91
P0A6U3,0.07
P05791,0.26
P09980,0.19
P25549,0.25
P15043,0.47
P0DTT0,0.89
P32138,0.31
P0CB39,0.27
P30136,0.1
P15639,0.72
P08997,0.65
P11071,0.11
P0AF43,0.04
P0A6T1,1.15
P27550,0.62
P32717,0.27
P14407,0.7
P0AEC8,0.35
P0A6F5,0.95
P00363,0.51
P33224,0.02
P08331,0.83
P28904,0.09
P39336,0.85
P39358,0.15
P02942,0.44
P0A9W3,0.92
P0AGC3,0.11
P42907,0.71
P43319,0.78
P45527,0.09
P0ADV5,0.09
P0AFF6,0.99
P0A6E4,0.19
P31120,0.61
P24228,0.34
P42641,0.94
P0AD57,0.51
P0A749,0.64
P45395,0.62
P24255,0.95
P09832,0.3
P45423,0.17
P64612,0.31
P39099,0.67
P0AEE3,0.76
P0AGG8,0.91
P0A9J0,0.76
P16926,0.35
P0A9X4,0.63
P26646,0.65
P24182,0.3
P24180,0.71
P36929,0.51
P0AGI8,0.69
P45756,0.76
P45759,0.22
P41441,0.17
P45762,0.31
P45763,0.18
P0CE47,0.99
P45524,0.12
P18335,0.29
P0AEA8,0.55
P0AC00,0.81
P45545,0.15
P45549,0.76
P45550,0.33
P07639,0.22
P34749,0.64
P39835,0.14
P46850,0.22
P13035,0.48
P0A6U8,0.11
P0A6V1,0.11
P0A9Q9,0.19
P46853,0.65
P46855,0.14
P10907,0.2
P0AG80,0.64
P04816,0.79
P0AD96,0.96
P0AC30,0.23
P0AGM0,0.04
P28912,0.63
P0AGH1,0.07
P37629,0.37
P37631,0.21
P06715,0.67
P37636,0.9
P69908,0.62
P37197,0.21
P37641,0.08
P37642,0.14
P37648,0.83
P37651,0.06
P37657,0.24
P37313,0.24
P0AAG0,0.19
P37666,0.81
P09099,0.1
P37388,0.48
P0ACI3,0.29
P09053,0.47
P37672,0.37
P37676,0.2
P37677,0.15
P37682,0.31
P37683,0.23
P37686,0.7
P0AFV0,0.24
P09424,0.6
P33232,0.04
P0A6S7,0.99
P37689,1.04
P37690,0.11
P11290,0.1
P07913,0.5
P0AB77,0.38
P37692,0.25
P27129,0.35
P27128,0.42
P27127,0.41
P25740,0.3
P25742,0.33
P0AC75,0.15
P0AGM9,0.09
P09835,0.19
P31447,0.23
P31456,0.35
P0A7H0,0.06
P0A988,0.16
P03004,0.38
P25522,0.9
P0A853,0.11
P11988,0.19
P0AG82,0.8
P0ACC7,0.95
P0ABB4,0.78
P0ABB0,0.61
P00963,0.9
P0ADN0,0.31
P31473,0.27
P04983,0.49
P0ACQ0,0.33
P22787,0.2
P04968,0.48
P05793,0.97
P25552,0.51
P0AG00,0.2
P27828,0.76
P27829,0.82
P27830,0.41
P27833,0.19
P27837,0.31
P25550,0.15
P0ACB7,0.19
P07000,0.36
P0AG71,0.16
P0AAB4,0.37
P21151,0.1
P21165,0.15
P0C0K3,0.09
P32128,0.83
P32131,0.74
P0AFB8,0.82
P0AFB5,0.89
P0A9C5,0.42
P32134,0.79
P32140,0.18
P0ADQ2,0.54
P32151,1.07
P32153,0.95
P32170,0.31
P32171,0.04
P0AE82,0.17
P0AG78,0.7
P0A9C9,0.69
P0A6F3,0.22
P0A6H5,0.74
P0ACN7,0.39
P00935,0.45
P0A9S5,1.04
P23908,0.42
P11446,0.31
P27306,0.23
P23003,0.42
P0CE48,0.87
P29680,0.11
P14375,0.69
P15640,0.89
P0A9G6,0.43
P0AEX9,0.96
P68187,0.19
P02943,0.55
P32690,0.26
P28303,0.1
P0ACB0,0.81
P0A6B4,0.46
P04693,0.38
P0ABK9,0.25
P21345,0.19
P32714,0.12
P32721,0.18
P16689,0.1
P16687,0.11
P30844,0.2
P06720,0.21
P0A8N5,0.59
P0AC38,0.87
P39280,0.09
P00811,0.26
P0A8N7,0.66
P0A8K1,0.33
P31806,0.53
P39288,0.14
P26365,0.31
P25519,0.53
P0ABC7,0.2
P0ABC3,0.47
P0A7D4,0.41
P33222,0.14
P39300,0.37
P0AE45,0.48
Q6BEX0,0.25
P0A993,0.62
P37773,0.41
P0AFK0,0.16
P36672,0.04
P04391,0.43
P68767,0.58
P0AF98,0.14
P0ADC6,0.09
P39342,0.87
P39343,0.07
P39346,0.24
P27250,0.53
P39347,0.09
P39366,0.29
P39369,0.34
P39370,0.2
P39371,0.76
P24215,0.83
P39160,0.53
P39382,0.31
P39384,0.44
P39389,0.07
P15006,0.17
P15005,0.43
P05719,0.51
P08957,1.22
P39400,0.93
P39406,0.43
P0A7I4,0.23
P39407,0.07
P37342,0.42
P07650,0.13
P0A6K6,1.01
P39410,0.08
P32099,0.37
P0AGB0,0.36
P24554,0.29
P27278,0.39
P08401,0.16
P08369,0.28
P42906,0.08
P0AB74,0.14
P42910,0.02
P42911,0.05
P42912,0.82
P42914,0.56
P66817,0.7
P64596,0.96
P45469,0.12
P45470,1.14
P63417,0.89
P64599,0.89
P45475,0.19
P0AFB1,0.56
P60340,0.76
P0AC13,0.24
P0C0R7,0.16
P0ADV7,0.62
P64604,0.6
P63386,0.23
P0ABZ4,0.9
P0ADV9,0.51
P0ADV1,0.23
P0A9V1,0.19
P69829,0.83
P0A894,0.39
P46022,0.11
P0ABU5,0.86
P0ADW6,0.11
P28721,0.96
P28722,0.27
P45422,0.07
P0A761,0.88
P0A6L4,0.16
P0A8W0,1.06
P0ACA3,0.51
P0A8T1,0.83
P0ABT5,0.16
P28638,0.2
P0ACT2,0.44
P45766,0.9
P45769,0.11
P0A9W9,0.56
P15770,0.35
P45748,0.7
P0A6K3,0.67
P23882,0.9
P0A7V3,0.75
P60422,1.0
P45757,0.27
P41443,0.73
P02359,0.94
P20605,0.09
P0AFL3,0.74
P45543,0.67
P45544,0.53
P45548,0.34
P32662,0.9
P64634,0.22
P45799,0.63
P64636,0.53
P0A6Y5,0.89
P0AA16,0.87
P31667,0.28
P46846,0.72
P13001,0.64
P46849,0.45
P0ACL0,0.22
P67143,0.37
P46852,0.88
P46854,0.68
P10908,0.6
P10906,0.28
P22731,0.15
P0A9S7,0.12
P0AGB3,0.94
P0A9R7,0.12
P0ADX9,0.75
P0AEE1,1.0
P37623,0.14
P33593,0.45
P33594,0.42
P68567,0.43
P37634,0.13
P37635,0.2
Q46810,0.2
P37195,0.45
P0AFV2,0.29
P63201,0.05
P37639,0.31
P37640,0.25
P37646,0.07
P0AEG1,0.04
P37663,0.09
P05100,0.63
P37665,0.64
P0ADK0,0.67
P00960,0.59
P27297,0.6
P37671,0.9
P37678,0.41
P37679,0.69
P37680,0.32
P37681,0.22
P0ACA1,0.71
P32109,0.71
P0ACL7,0.07
P0A9D4,0.73
P37691,0.15
P25666,0.5
P67910,0.26
P24173,0.52
P27241,0.25
P27240,0.49
P27126,0.4
P25741,0.34
P05523,0.53
P25531,0.28
P0C093,0.9
P0A7E3,0.72
P0CG19,0.62
P23839,0.36
P60546,1.15
P0AGJ2,0.23
P04846,0.77
P0AGA6,0.73
P31443,0.22
P31449,0.26
P31450,0.3
P69789,0.34
P31453,0.05
P31459,0.07
P0ADM6,0.54
P0A8Y5,0.48
P31463,0.05
P0ADM8,0.08
P0AGE6,0.86
P31467,0.23
P31469,0.77
P31470,0.26
P11989,0.49
P0A9K7,0.94
P0AAH0,0.24
P0ABA6,0.49
P0ABA4,0.89
P0AB98,0.07
P0AGI1,0.18
P02925,0.94
P0A9J6,0.88
P31475,0.55
P0A8R9,0.06
P0AB80,0.31
P05827,0.24
P61887,0.18
P27832,0.13
P33343,0.96
P27836,0.36
P09126,0.22
P0A6K1,0.17
P23305,0.18
P0A8P6,0.77
P0ADP0,0.11
P0ABI4,0.66
P0ADP2,0.1
P0A921,0.1
P0A9F9,0.63
P12758,0.81
P0A887,0.33
P69423,0.66
P0AFW0,0.44
P0AEN1,0.88
P27862,0.66
P0ACB4,0.75
P32125,0.98
P0AEG4,0.72
P32129,0.15
P0A8H6,1.09
P76773,0.06
P32139,0.19
P32141,0.71
P0A9V8,0.14
P32143,0.57
P32144,0.47
P13024,0.82
P0AEL0,0.17
P0AAJ5,0.78
P32177,0.22
P32169,0.44
P09377,0.22
P32157,0.89
P0AE88,1.19
P0A796,0.77
P06282,0.55
P0A858,0.97
P28861,0.17
P32166,0.14
P29131,0.24
P32167,0.27
P0AEZ1,0.26
P32668,0.15
P32669,0.47
P32675,0.22
P32677,0.23
P0A6C8,0.81
P0ACQ4,0.17
P0ACU5,0.08
P06709,0.38
P0A6I3,0.4
P0AFG0,0.73
P0A7J3,0.75
P30139,0.21
P30138,0.46
P30137,0.1
P68739,0.23
P32680,0.77
P32681,0.25
P07623,0.37
P16528,0.21
P26602,0.66
P0A7C2,0.97
P0AC51,1.04
P0AGE0,0.81
P0ABL1,0.16
P0AAK7,0.23
P32712,0.65
P0AF56,0.83
P32718,0.31
P32719,0.76
P39265,0.53
P0ACS7,0.39
P16690,0.04
P16679,0.08
P16678,0.07
P16688,0.08
P16686,0.49
P16684,0.29
P0DP69,0.08
P16677,0.11
P39267,0.07
P30843,0.92
P33234,0.21
P0ACH8,0.16
P39270,0.03
P0AD01,0.63
P0ACU7,1.0
P39279,0.98
P0A6N4,1.09
P0A901,0.52
P0AC47,0.91
P0A784,1.04
P16384,0.23
P63177,0.93
P0AF78,1.07
P39293,0.72
P39295,1.05
P39298,0.4
P0A9W0,0.13
P39305,0.42
P39306,0.08
P39308,0.14
P39310,0.58
P69506,1.04
P39315,1.06
P22255,0.84
P39317,0.14
P39187,0.18
P0A744,0.85
P0A7A9,0.93
P39325,0.9
P0A8X0,0.82
P36673,0.32
P0A786,0.79
P39333,0.92
P39334,0.39
P0A9P9,0.48
P39208,0.9
P15031,0.05
P15029,0.04
P15028,0.09
P23484,0.16
P39359,0.08
P39360,0.08
P39361,0.11
P39362,0.05
P39364,0.08
P39367,0.15
P69856,0.09
P0ADH7,0.13
P39264,0.38
P08190,0.73
P08191,0.2
P39374,0.25
P39376,0.28
P39379,0.17
P39380,0.97
P39383,0.1
P0DP22,0.19
P24202,0.26
P24203,0.9
P39399,0.11
P18390,1.0
P0A8J2,0.46
P0ADD5,0.16
P0ADD7,0.17
P39405,0.29
P0A8Y1,0.52
P0AFH8,1.09
P39408,0.13
P39409,0.58
P0A6L0,1.15
P0ABP8,1.09
P0AGC7,0.63
P39411,0.7
P0A7A2,0.56
P0ACI0,0.13
P08368,0.86
P0A9Q1,0.9
P37005,0.29
P42904,0.77
P42905,0.1
P42909,0.8
P45465,0.97
P67762,0.86
P45472,1.12
P0ADZ4,1.29
P0A7G2,0.68
P0A8A8,1.11
P0AG99,0.49
P0AGK4,0.87
P0A6W5,0.87
P0A7L8,0.34
P0AG48,0.56
P0AFX0,0.89
P0A9N0,0.78
P45424,0.87
P0A7X3,1.13
P0AA10,0.76
P0ADW3,0.83
P0A6D0,0.91
P64616,0.76
P46478,0.34
P0ABD8,0.95
P45566,0.43
P0A6R3,1.1
P64619,0.82
P64622,0.3
P45795,1.02
P0A828,1.01
P0A742,0.67
P36675,1.36
P0ACS5,0.71
P0AG44,0.77
P0A7R9,0.81
P0A7S9,0.99
P02413,0.64
P0AG51,1.01
P0A7W7,0.86
P0AG59,1.12
P60624,1.12
P0ADY3,0.71
P0AG63,0.83
P0ADY7,0.9
P61175,0.82
P0A7U3,0.91
P0ADZ0,0.7
P41442,0.47
P45760,0.61
P0ABD3,0.96
P0A7S3,0.84
P0ADX1,0.99
P0A9I8,0.92
P64631,0.9
P45751,0.2
P0ACG8,1.03
P30128,1.17
P76692,0.3
P46856,0.38
P0ADX7,1.08
P37613,1.19
P37614,0.47
P37615,0.75
P0A890,0.97
P0A6Z6,0.8
P28911,0.52
P0A8S5,0.58
P0AED0,0.8
P37309,0.29
P0AB96,0.92
P0AET2,0.63
P0AES9,1.08
P0ADJ5,0.68
P37664,0.22
P0A9V5,0.92
P0A9X9,0.92
P37305,1.1
Q2M7M3,0.36
P0ADJ8,0.59
P11286,0.38
P56256,0.37
P37673,0.07
P37674,0.14
P0ADK4,0.21
P32106,0.19
P32108,0.33
Q2M7R5,0.77
P0AGJ7,0.64
P0AG86,0.89
P0AC62,0.8
P0AG27,0.48
P0A6I6,0.94
P0A7M2,0.55
P06968,0.97
P0A800,0.82
P0ADL3,0.24
P0ADF8,0.99
P0ADL6,0.21
P0ADM0,0.2
P31446,0.28
P0C058,1.28
P0ADM4,1.14
P31460,1.29
P09996,0.75
P0A7P5,0.9
P0A7Y8,0.96
P31468,0.26
P0A6E6,1.2
P0ABA0,0.2
P68699,0.56
P0ABC0,0.35
P0ACI6,0.82
P04982,0.93
P0ADG1,0.58
P0A9L5,0.86
P0AA25,0.89
P27838,1.13
P27842,0.26
P0ADP9,1.09
P0A6M4,0.38
P32155,0.69
P32156,0.94
P0AE85,1.05
P0AF34,0.5
P32162,1.03
P0AAB8,0.97
P0AF36,0.82
P0A7M9,0.66
P0A8U6,0.89
P69816,0.88
P32676,0.44
P0AF40,0.22
P0AG96,0.08
P0A7J7,1.05
P0A7K2,0.99
P0AFX4,0.93
P0ACF0,0.96
P09162,0.78
P09163,0.87
P0ABN1,0.31
P68206,0.83
P32693,0.34
P0AF48,0.53
P0AF50,1.06
P32700,0.46
P0A9E2,0.49
P0ACS2,0.82
P0AF54,0.54
P32711,0.2
P37351,0.4
P16691,0.66
P16685,0.27
P0DP70,0.18
P16681,0.81
P0AFJ1,1.02
P0AF59,0.8
P39274,0.84
P37147,0.26
P0A6F9,0.86
P0AF70,0.88
P0A8Q3,0.07
P0A8Q0,0.09
P39283,0.86
P39284,0.57
P0AF67,0.78
P0A6X3,0.76
P0AF73,0.2
P0AF63,0.81
P0AF76,0.76
P0AF80,0.19
P0AF82,1.04
P39297,0.47
P69822,0.53
P69820,0.84
P0AF86,0.94
P02358,0.98
P07013,0.72
P0A7T7,0.64
P0A7R1,0.84
P39309,0.26
P0ACN2,0.86
P0ADE2,0.78
P0AE48,0.98
P33647,0.94
P0A9N8,0.69
P0AF93,0.76
